TEAM,PLAYER_ID,PLAYER_NAME
76ers,202699,Tobias Harris
76ers,1627788,Furkan Korkmaz
Blazers,1628404,Josh Hart
Blazers,203924,Jerami Grant
Blazers,1629014,Anfernee Simons
Blazers,1627853,Ryan Arcidiacono
Blazers,1626209,Mario Hezonja
Blazers,1629604,CJ Elleby
Bucks,1627733,Dragan Bender
Bucks,204060,Joe Ingles
Bucks,201609,Goran Dragic
Bucks,203114,Khris Middleton
Bulls,1629750,Javonte Green
Cavaliers,1627747,Caris LeVert
Cavaliers,203089,John Henson
Cavaliers,1628378,Donovan Mitchell
Cavaliers,200765,Rajon Rondo
Celtics,203935,Marcus Smart
Celtics,203917,Nik Stauskas
Celtics,201952,Jeff Teague
Celtics,1630271,Brodric Thomas
Clippers,202322,John Wall
Clippers,201587,Nicolas Batum
Clippers,202331,Paul George
Grizzlies,1629007,Jontay Porter
Grizzlies,1629630,Ja Morant
Hawks,1629631,De'Andre Hunter
Heat,202710,Jimmy Butler
Heat,1628997,Caleb Martin
Heat,200768,Kyle Lowry
Heat,1629639,Tyler Herro
Hornets,1628372,Dennis Smith Jr.
Hornets,1630268,Nate Darling
Hornets,101107,Marvin Williams
Hornets,1630539,Kai Jones
Jazz,1629671,Miye Oni
Jazz,1628374,Lauri Markkanen
Jazz,1628430,Nigel Williams-Goss
Jazz,203482,Kelly Olynyk
Kings,203087,Jeremy Lamb
Kings,1630218,Robert Woodard II
Knicks,1628443,Kadeem Allen
Lakers,201976,Patrick Beverley
Lakers,2544,LeBron James
Lakers,1626156,D'Angelo Russell
Lakers,1629308,Juan Toscano-Anderson
Magic,1628371,Jonathan Isaac
Mavericks,203501,Tim Hardaway Jr.
Mavericks,1629029,Luka Doncic
Mavericks,1628373,Frank Ntilikina
Mavericks,1626174,Christian Wood
Mavericks,202689,Kemba Walker
Mavericks,200826,J.J. Barea
Mavericks,1627737,Marquese Chriss
Mavericks,201580,JaVale McGee
Mavericks,1629151,Ryan Broekhoff
Nets,203925,Joe Harris
Nets,200746,LaMarcus Aldridge
Nets,1629066,Rodions Kurucs
Nets,1627732,Ben Simmons
Nets,1626220,Royce O'Neale
Nets,1629661,Cameron Johnson
Nuggets,204222,Greg Whittington
Nuggets,203932,Aaron Gordon
Pacers,1630537,Chris Duarte
Pacers,1630543,Isaiah Jackson
Pacers,202362,Lance Stephenson
Pacers,1630174,Aaron Nesmith
Pacers,1628513,Naz Mitrou-Long
Pacers,1629665,Jalen Lecque
Pelicans,1626204,Larry Nance Jr.
Pelicans,1627742,Brandon Ingram
Pistons,1630587,Isaiah Livers
Pistons,1626143,Jahlil Okafor
Pistons,202711,Bojan Bogdanovic
Raptors,1627775,Patrick McCaw
Raptors,1630567,Scottie Barnes
Raptors,1629608,Dewan Hernandez
Raptors,1630525,David Johnson
Raptors,1628391,D.J. Wilson
Raptors,1630625,Dalano Banton
Rockets,1629645,Kevin Porter Jr.
Spurs,1631110,Jeremy Sochan
Spurs,1630170,Devin Vassell
Spurs,1626196,Josh Richardson
Spurs,203926,Doug McDermott
Spurs,1627751,Jakob Poeltl
Spurs,1631103,Malaki Branham
Spurs,1629676,Isaiah Roby
Spurs,1628380,Zach Collins
Suns,1630688,Ish Wainright
Thunder,1630221,Josh Hall
Thunder,1630526,Jeremiah Robinson-Earl
Thunder,1629647,Darius Bazley
Thunder,202324,Derrick Favors
Timberwolves,1629669,Jaylen Nowell
Timberwolves,203497,Rudy Gobert
Warriors,1629683,Quinndary Weatherspoon
Warriors,1630164,James Wiseman
Warriors,1630228,Jonathan Kuminga
Warriors,1629065,Ky Bowman
Warriors,1629016,Omari Spellman
Warriors,201939,Stephen Curry
Wizards,1630166,Deni Avdija
Wizards,204001,Kristaps Porzingis
Wizards,1628398,Kyle Kuzma
Wizards,1628420,Monte Morris
,1630639,A.J. Lawson
,1631260,AJ Green
,1631100,AJ Griffin
,1628988,Aaron Holiday
,1630598,Aaron Wiggins
,1629678,Admiral Schofield
,201143,Al Horford
,202692,Alec Burks
,1630197,Aleksej Pokusevski
,1627936,Alex Caruso
,203458,Alex Len
,1628993,Alize Johnson
,1631214,Alondes Williams
,1630578,Alperen Sengun
,1629599,Amir Coffey
,203083,Andre Drummond
,2738,Andre Iguodala
,1629614,Andrew Nembhard
,203952,Andrew Wiggins
,203076,Anthony Davis
,1630162,Anthony Edwards
,1630264,Anthony Gill
,1630237,Anthony Lamb
,1630559,Austin Reaves
,203085,Austin Rivers
,1630245,Ayo Dosunmu
,1628389,Bam Adebayo
,1631097,Bennedict Mathurin
,202687,Bismack Biyombo
,201933,Blake Griffin
,1631104,Blake Wesley
,1626246,Boban Marjanovic
,1626171,Bobby Portis
,203992,Bogdan Bogdanovic
,1629626,Bol Bol
,1630538,Bones Hyland
,203078,Bradley Beal
,1630527,Brandon Boston Jr.
,1629634,Brandon Clarke
,1630296,Braxton Key
,201572,Brook Lopez
,1628971,Bruce Brown
,1628981,Bruno Fernando
,1631121,Bryce McGowens
,1627854,Bryn Forbes
,1631205,Buddy Boeheim
,1627741,Buddy Hield
,203468,CJ McCollum
,1630595,Cade Cunningham
,1631216,Caleb Houstan
,1629629,Cam Reddish
,1630560,Cam Thomas
,1626166,Cameron Payne
,1630637,Carlik Jones
,1626224,Cedi Osman
,1629646,Charles Bassey
,1631320,Chima Moneke
,1629002,Chimezie Metu
,1628449,Chris Boucher
,101108,Chris Paul
,1629735,Chris Silva
,1631128,Christian Braun
,1631132,Christian Koloko
,1629643,Chuma Okeke
,203991,Clint Capela
,1629632,Coby White
,1628998,Cody Martin
,203469,Cody Zeller
,1630175,Cole Anthony
,1631306,Cole Swider
,1629012,Collin Sexton
,1630557,Corey Kispert
,202709,Cory Joseph
,1630227,Daishen Nix
,1631207,Dalen Terry
,1627745,Damian Jones
,203081,Damian Lillard
,1627814,Damion Lee
,1629655,Daniel Gafford
,1628464,Daniel Theis
,201980,Danny Green
,1627863,Danuel House Jr.
,203967,Dario Saric
,1630620,Darius Days
,1629636,Darius Garland
,1630561,David Duke Jr.
,1631223,David Roddy
,1630558,Davion Mitchell
,202722,Davis Bertans
,1628432,Davon Reed
,1630549,Day'Ron Sharpe
,1628368,De'Aaron Fox
,1629001,De'Anthony Melton
,201599,DeAndre Jordan
,201942,DeMar DeRozan
,1629731,Dean Wade
,1629028,Deandre Ayton
,1627749,Dejounte Murray
,1626153,Delon Wright
,203471,Dennis Schroder
,1629126,Deonte Burton
,1631220,Dereon Seabron
,1627884,Derrick Jones Jr.
,201565,Derrick Rose
,1628401,Derrick White
,1630217,Desmond Bane
,1626164,Devin Booker
,1629653,Devon Dotson
,1628984,Devonte' Graham
,203473,Dewayne Dedmon
,1628415,Dillon Brooks
,1627734,Domantas Sabonis
,1631230,Dominick Barlow
,1628978,Donte DiVincenzo
,1627827,Dorian Finney-Smith
,203110,Draymond Green
,1629234,Drew Eubanks
,1630696,Dru Smith
,1630613,Duane Washington Jr.
,1629130,Duncan Robinson
,203939,Dwight Powell
,1629685,Dylan Windler
,1630700,Dyson Daniels
,1628410,Edmond Sumner
,201569,Eric Gordon
,1630647,Eugene Omoruyi
,203095,Evan Fournier
,1630596,Evan Mobley
,1630267,Facundo Campazzo
,1628402,Frank Jackson
,1626163,Frank Kaminsky
,1630532,Franz Wagner
,1627832,Fred VanVleet
,1629216,Gabe Vincent
,202066,Garrett Temple
,1629726,Garrison Mathews
,203914,Gary Harris
,1627780,Gary Payton II
,1629018,Gary Trent Jr.
,201588,George Hill
,1627777,Georges Niang
,203507,Giannis Antetokounmpo
,1629048,Goga Bitadze
,202330,Gordon Hayward
,203476,Gorgui Dieng
,1629684,Grant Williams
,1628960,Grayson Allen
,1630535,Greg Brown III
,1628977,Hamidou Diallo
,203084,Harrison Barnes
,1629312,Haywood Highsmith
,1630529,Herbert Jones
,1630193,Immanuel Quickley
,1630171,Isaac Okoro
,1628392,Isaiah Hartenstein
,1630198,Isaiah Joe
,1630600,Isaiah Mobley
,1630191,Isaiah Stewart
,1630225,Isaiah Todd
,202397,Ish Smith
,1627826,Ivica Zubac
,1631120,JD Davison
,1630550,JT Thor
,203210,JaMychal Green
,1631095,Jabari Smith Jr.
,1631133,Jabari Walker
,1631298,Jack White
,1630702,Jaden Hardy
,1631093,Jaden Ivey
,1630183,Jaden McDaniels
,1630531,Jaden Springer
,203109,Jae Crowder
,1630256,Jae'Sean Tate
,1631222,Jake LaRavia
,1628973,Jalen Brunson
,1631105,Jalen Duren
,1630224,Jalen Green
,1630552,Jalen Johnson
,1629667,Jalen McDaniels
,1630188,Jalen Smith
,1630591,Jalen Suggs
,1631114,Jalen Williams
,1631288,Jamal Cain
,1627750,Jamal Murray
,1631123,Jamaree Bouyea
,1630547,James Bouknight
,201935,James Harden
,201949,James Johnson
,1630215,Jared Butler
,1631197,Jared Rhoden
,1628991,Jaren Jackson Jr.
,1629020,Jarred Vanderbilt
,1629714,Jarrell Brantley
,1628386,Jarrett Allen
,1629633,Jarrett Culver
,1630554,Jason Preston
,1629637,Jaxson Hayes
,1630643,Jay Huff
,1627759,Jaylen Brown
,1631119,Jaylin Williams
,1628369,Jayson Tatum
,1630288,Jeff Dowtin Jr.
,201145,Jeff Green
,1630579,Jericho Sims
,1628975,Jevon Carter
,1629111,Jock Landale
,1630580,Joe Wieskamp
,203954,Joel Embiid
,1631219,John Butler Jr.
,1628381,John Collins
,1629723,John Konchar
,1631098,Johnny Davis
,1630548,Johnny Juzang
,202685,Jonas Valanciunas
,203903,Jordan Clarkson
,1630692,Jordan Goodwin
,1631160,Jordan Hall
,1629162,Jordan McLaughlin
,1629670,Jordan Nwora
,1629673,Jordan Poole
,1630648,Jordan Schakel
,1630631,Jose Alvarado
,1630528,Josh Christopher
,1630581,Josh Giddey
,1630182,Josh Green
,1631169,Josh Minott
,1629006,Josh Okogie
,1630563,Joshua Primo
,201950,Jrue Holiday
,1627823,Juancho Hernangomez
,1630577,Julian Champagnie
,203944,Julius Randle
,1630551,Justin Champagnie
,203200,Justin Holiday
,1628382,Justin Jackson
,1626159,Justise Winslow
,203994,Jusuf Nurkic
,1629644,KZ Okpala
,1626157,Karl-Anthony Towns
,202695,Kawhi Leonard
,1631099,Keegan Murray
,1628966,Keita Bates-Diop
,1629640,Keldon Johnson
,1626162,Kelly Oubre Jr.
,1631112,Kendall Brown
,1629134,Kendrick Nunn
,1631113,Kennedy Chandler
,1631254,Kenneth Lofton Jr.
,1629026,Kenrich Williams
,203484,Kentavious Caldwell-Pope
,1630231,Kenyon Martin Jr.
,1631165,Keon Ellis
,1630553,Keon Johnson
,1630556,Kessler Edwards
,201142,Kevin Durant
,1628989,Kevin Huerter
,1628995,Kevin Knox II
,201567,Kevin Love
,1630284,Kevon Harris
,1626172,Kevon Looney
,203920,Khem Birch
,1630165,Killian Hayes
,1630184,Kira Lewis Jr.
,202691,Klay Thompson
,1627739,Kris Dunn
,203937,Kyle Anderson
,202681,Kyrie Irving
,1630163,LaMelo Ball
,1630205,Lamar Stevens
,1629013,Landry Shamet
,1630195,Leandro Bolmaro
,1629623,Lindell Wigginton
,1630322,Lindy Waters III
,1629022,Lonnie Walker IV
,1629652,Luguentz Dort
,1630568,Luka Garza
,1628379,Luke Kennard
,1628436,Luke Kornet
,1630201,Malachi Flynn
,1627763,Malcolm Brogdon
,1630792,Malcolm Hill
,1627736,Malik Beasley
,1628370,Malik Monk
,1629603,Mamadi Diakite
,1630699,MarJon Beauchamp
,202694,Marcus Morris Sr.
,1631109,Mark Williams
,1628365,Markelle Fultz
,202693,Markieff Morris
,1630250,Marko Simonovic
,1628963,Marvin Bagley III
,203486,Mason Plumlee
,1629680,Matisse Thybulle
,1630346,Matt Ryan
,203521,Matthew Dellavedova
,1631108,Max Christie
,1629622,Max Strus
,1628467,Maxi Kleber
,1630593,McKinley Wright IV
,203086,Meyers Leonard
,1629662,Mfiondu Kabengele
,1630695,Micah Potter
,1630701,Michael Foster Jr.
,1629008,Michael Porter Jr.
,1628969,Mikal Bridges
,201144,Mike Conley
,203488,Mike Muscala
,1630540,Miles McBride
,1629011,Mitchell Robinson
,1628964,Mo Bamba
,1626149,Montrezl Harrell
,1629021,Moritz Wagner
,1629650,Moses Brown
,1630541,Moses Moody
,1631217,Moussa Diabate
,1626167,Myles Turner
,1630230,Naji Marshall
,1629642,Nassir Little
,1630233,Nathan Knight
,1629675,Naz Reid
,1629674,Neemias Queta
,203457,Nerlens Noel
,1629651,Nic Claxton
,1630208,Nick Richards
,1629638,Nickeil Alexander-Walker
,203999,Nikola Jokic
,1631107,Nikola Jovic
,202696,Nikola Vucevic
,203943,Noah Vonleh
,1626181,Norman Powell
,1628384,O.G. Anunoby
,1630167,Obi Toppin
,1630534,Ochai Agbaji
,1630846,Olivier Sarr
,1630209,Omer Yurtseven
,1630168,Onyeka Okongwu
,1631115,Orlando Robinson
,1629052,Oshae Brissett
,203490,Otto Porter Jr.
,1631172,Ousmane Dieng
,200782,P.J. Tucker
,1629023,P.J. Washington
,1628408,PJ Dozier
,1631094,Paolo Banchero
,1627783,Pascal Siakam
,1626192,Pat Connaughton
,1631116,Patrick Baldwin Jr.
,1630172,Patrick Williams
,201988,Patty Mills
,1630194,Paul Reed
,1630202,Payton Pritchard
,1631212,Peyton Watson
,1630173,Precious Achiuwa
,1629656,Quentin Grimes
,1631245,Quenton Jackson
,1630181,R.J. Hampton
,1629628,RJ Barrett
,203526,Raul Neto
,203493,Reggie Bullock
,202704,Reggie Jackson
,1626158,Richaun Holmes
,201937,Ricky Rubio
,203496,Robert Covington
,1629057,Robert Williams III
,201577,Robin Lopez
,203585,Rodney McGruder
,1629641,Romeo Langford
,1631199,Ron Harper Jr.
,200752,Rudy Gay
,1629060,Rui Hachimura
,201566,Russell Westbrook
,1631157,Ryan Rollins
,1630240,Saben Lee
,1630180,Saddiq Bey
,1630573,Sam Hauser
,1630241,Sam Merrill
,1630572,Sandro Mamukelashvili
,1630583,Santi Aldama
,1630590,Scotty Pippen Jr.
,201586,Serge Ibaka
,203552,Seth Curry
,1631101,Shaedon Sharpe
,1628983,Shai Gilgeous-Alexander
,1629003,Shake Milton
,1631323,Simone Fontecchio
,203915,Spencer Dinwiddie
,1626169,Stanley Johnson
,1630649,Stanley Umude
,1628425,Sterling Brown
,203500,Steven Adams
,1629004,Svi Mykhailiuk
,204456,T.J. McConnell
,203933,T.J. Warren
,201959,Taj Gibson
,1629659,Talen Horton-Tucker
,1631106,Tari Eason
,1627752,Taurean Prince
,1629611,Terance Mann
,1629056,Terence Davis
,203082,Terrence Ross
,1626179,Terry Rozier
,1630678,Terry Taylor
,201152,Thaddeus Young
,203648,Thanasis Antetokounmpo
,1630177,Theo Maledon
,1629033,Theo Pinson
,1628418,Thomas Bryant
,1628396,Tony Bradley
,1628470,Torrey Craig
,1629027,Trae Young
,1630200,Tre Jones
,1630544,Tre Mann
,1630570,Trendon Watford
,1630235,Trent Forrest
,1630243,Trevelin Queen
,1631309,Trevor Hudgins
,1631211,Trevor Keels
,1626168,Trey Lyles
,1630530,Trey Murphy III
,1628972,Troy Brown Jr.
,1629660,Ty Jerome
,1631102,TyTy Washington Jr.
,1628416,Tyler Dorsey
,1630169,Tyrese Haliburton
,1631213,Tyrese Martin
,1630178,Tyrese Maxey
,1626145,Tyus Jones
,1628962,Udoka Azubuike
,2617,Udonis Haslem
,1630586,Usman Garuba
,1630176,Vernon Carey Jr.
,203506,Victor Oladipo
,1631246,Vince Williams Jr.
,1630249,Vit Krejci
,1628427,Vlatko Cancar
,1631117,Walker Kessler
,1628976,Wendell Carter Jr.
,1631111,Wendell Moore Jr.
,1629117,Wenyen Gabriel
,202083,Wesley Matthews
,203115,Will Barton
,1626195,Willy Hernangomez
,1641645,Xavier Cooks
,1630214,Xavier Tillman
,1629139,Yuta Watanabe
,203897,Zach LaVine
,1630192,Zeke Nnaji
,1630533,Ziaire Williams
,1629627,Zion Williamson
,1630565,Aaron Henry
,1627846,Abdel Nader
,1630278,Ade Murkey
,1629958,Ahmad Caver
,1630758,Aleem Ford
,1628035,Alfonzo McKinnie
,1629717,Armoni Brooks
,1629083,Arnoldas Kulboka
,202340,Avery Bradley
,1629168,BJ Johnson
,203463,Ben McLemore
,202954,Brad Wanamaker
,1629164,Brandon Goodwin
,202688,Brandon Knight
,1630314,Brandon Williams
,101139,CJ Miles
,1630787,Cameron McGriff
,1628419,Cameron Oliver
,2546,Carmelo Anthony
,1629035,Carsen Edwards
,1630199,Cassius Stanley
,1630216,Cassius Winston
,1627760,Cat Barber
,1628990,Chandler Hutchison
,1629718,Charlie Brown Jr.
,1630602,Chaundee Brown Jr.
,1627767,Cheick Diallo
,1629185,Chris Chiozza
,1628591,Craig Sword
,201571,D.J. Augustin
,1629610,DaQuan Jeffries
,1629751,Dakota Mathias
,1628422,Damyean Dotson
,1630187,Daniel Oturu
,201568,Danilo Gallinari
,201954,Darren Collison
,1628021,David Nwaba
,1627761,DeAndre' Bembry
,1630610,DeJon Jarreau
,202326,DeMarcus Cousins
,1629686,Deividas Sirvydis
,1627756,Denzel Valentine
,1628476,Derrick Walton Jr.
,1629962,Devin Cannady
,1629719,Devontae Cacok
,1629712,Didi Louzada
,2730,Dwight Howard
,202334,Ed Davis
,203901,Elfrid Payton
,1630190,Elijah Hughes
,1629150,Emanuel Terry
,1626144,Emmanuel Mudiay
,202683,Enes Freedom
,202339,Eric Bledsoe
,1629672,Eric Paschall
,1630624,Feron Hunt
,1630273,Freddie Gillespie
,1628221,Gabe York
,1630466,Gabriel Deck
,1630994,Gabriel Lundberg
,1629109,Gary Clark
,1628994,George King
,1630686,Georgios Kalaitzakis
,202328,Greg Monroe
,202355,Hassan Whiteside
,1629755,Hassani Gravett
,1629649,Ignas Brazdeikis
,1629067,Isaac Bonga
,202738,Isaiah Thomas
,1630605,JaQuori McLaughlin
,203953,Jabari Parker
,1630186,Jahmi'us Ramsey
,1630693,Jaime Echenique
,1627774,Jake Layman
,203516,James Ennis III
,1630691,Jamorko Pickett
,1629607,Jared Harper
,1629600,Jarron Cumberland
,1629602,Javin DeLaurier
,1630606,Javonte Smart
,1630206,Jay Scrubb
,1629658,Jaylen Hoard
,1628537,Jaylen Morris
,1629873,Jaysean Paige
,1629203,Jemerrio Jones
,2207,Joe Johnson
,1630555,Joel Ayayi
,1630257,Jon Teske
,1628395,Jordan Bell
,1628367,Josh Jackson
,1626147,Justin Anderson
,1629620,Justin Robinson
,1629752,Juwan Morgan
,1626208,Keifer Sykes
,1629103,Kelan Martin
,1629833,Keljin Blevins
,203145,Kent Bazemore
,1630698,Kevin Pangos
,1629681,Killian Tillie
,1629657,Kyle Guy
,204038,Langston Galloway
,1628366,Lonzo Ball
,101150,Lou Williams
,1629663,Louis King
,1630640,MJ Walker
,1630644,Mac McClung
,1630238,Malik Fitts
,1629005,Malik Newman
,1630585,Marcus Garrett
,1630210,Markus Howard
,1630222,Mason Jones
,1629760,Matt Mooney
,1629744,Matt Thomas
,203090,Maurice Harkless
,1628982,Melvin Frazier Jr.
,1628970,Miles Bridges
,1630589,Moses Wright
,1628539,Mychal Mulder
,1629619,Myles Powell
,1630207,Nate Hinton
,202357,Nemanja Bjelica
,203658,Norvel Pelle
,1628238,Paris Bass
,200794,Paul Millsap
,1628778,Paul Watson
,1627822,Petr Cornelie
,1630612,RJ Nembhard Jr.
,1629730,Rayjon Tucker
,1629617,Reggie Perry
,1630306,Rob Edwards
,203918,Rodney Hood
,1626155,Sam Dekker
,1630575,Scottie Lewis
,203816,Scotty Hopson
,1629635,Sekou Doumbouya
,1628400,Semi Ojeleye
,1629783,Shaq Buchanan
,1627885,Shaquille Harrison
,1630536,Sharife Cooper
,1630219,Skylar Mays
,203524,Solomon Hill
,1629605,Tacko Fall
,204025,Tim Frazier
,1627789,Timothe Luwawu-Cabarrot
,203107,Tomas Satoransky
,203503,Tony Snell
,1629309,Trayvon Palmer
,1629682,Tremont Waters
,1630286,Trevon Scott
,2772,Trevor Ariza
,203504,Trey Burke
,202684,Tristan Thompson
,1629076,Tyler Cook
,1629788,Tyler Hall
,204020,Tyler Johnson
,1630179,Tyrell Terry
,1627820,Tyrone Wallace
,201961,Wayne Ellington
,1627782,Wayne Selden
,1628411,Wes Iwundu
,1626161,Willie Cauley-Stein
,1629875,Xavier Moon
,1630270,Xavier Sneed
,1630582,Yves Pons
,1630285,Zavier Simpson
,1629597,Zylan Cheatham
,1629690,Adam Mokoka
,202329,Al-Farouq Aminu
,1629346,Alen Smailagic
,1628578,Amida Brimah
,2760,Anderson Varejao
,203460,Andre Roberson
,201229,Anthony Tolliver
,1628394,Anzejs Pasecniks
,203382,Aron Baynes
,1630204,Ashton Hagans
,1626253,Axel Toupane
,1628968,Brian Bowen II
,203998,Bruno Caboclo
,1629244,Cam Reynolds
,1626184,Chasson Randle
,1626245,Cristiano Felicio
,203957,Dante Exum
,203121,Darius Miller
,1629743,Donta Hall
,1628407,Dwayne Bacon
,202734,E'Twaun Moore
,1629091,Elijah Bryant
,101141,Ersan Ilyasova
,1628412,Frank Mason III
,203922,Glenn Robinson III
,1630203,Grant Riller
,1628385,Harry Giles III
,1627740,Henry Ellenson
,202697,Iman Shumpert
,200755,JJ Redick
,203960,JaKarr Sampson
,1630223,Jalen Harris
,203263,James Nunnally
,201162,Jared Dudley
,1629121,Jaylen Adams
,1629725,Jeremiah Martin
,1629010,Jerome Robinson
,1629648,Jordan Bone
,1629713,Justin James
,1628383,Justin Patton
,1630211,Karim Mane
,1629017,Khyri Thomas
,1628961,Kostas Antetokounmpo
,1629677,Luka Samanic
,201188,Marc Gasol
,1629716,Marques Bolden
,203487,Michael Carter-Williams
,1628455,Mike James
,203118,Mike Scott
,1630185,Nico Mannion
,1629740,Nicolo Melli
,202335,Patrick Patterson
,1626188,Quinn Cook
,1629034,Ray Spalding
,1629606,Robert Franks
,1626178,Rondae Hollis-Jefferson
,1630253,Sean McDermott
,1628414,Sindarius Thornwell
,1628388,T.J. Leaf
,1628390,Terrance Ferguson
,1627748,Thon Maker
,1630234,Ty-Shon Alexander
,1630189,Tyler Bey
,1629738,Vincent Poirier
,1630266,Will Magnay
,1627812,Yogi Ferrell
,203459,Allen Crabbe
,1629019,Allonzo Trier
,1628518,Amile Jefferson
,1627790,Ante Zizic
,1628499,Antonius Cleveland
,1628403,Caleb Swanigan
,202718,Chandler Parsons
,1629598,Chris Clemons
,201147,Corey Brewer
,201584,Courtney Lee
,1629133,Daryl Macon
,201960,DeMarre Carroll
,1628985,Devon Hall
,203079,Dion Waiters
,1628605,Dusty Hannahs
,1629058,Dzanan Musa
,1629059,Elie Okobo
,1628450,Eric Mika
,202323,Evan Turner
,101133,Ian Mahinmi
,1629122,J.P. Macura
,2747,JR Smith
,1628980,Jacob Evans
,2037,Jamal Crawford
,1627784,Jarrod Uthoff
,202951,Jeremy Pargo
,1626170,Jerian Grant
,201149,Joakim Noah
,1629147,Joe Chealey
,1628405,Johnathan Motley
,1629140,Johnathan Williams
,1628413,Jonah Bolden
,203895,Jordan McRae
,1627982,Josh Gray
,203705,Josh Magette
,1629729,Josh Reaves
,1629625,Justin Wright-Foreman
,1628987,Kevin Hervey
,1629734,Kyle Alexander
,2594,Kyle Korver
,203124,Kyle O'Quinn
,202498,Lance Thomas
,201601,Luc Mbah a Moute
,1626259,Malcolm Miller
,201158,Marco Belinelli
,1629621,Marial Shayok
,1629741,Marko Guduric
,1626187,Michael Frazier II
,203077,Michael Kidd-Gilchrist
,201583,Ryan Anderson
,203894,Shabazz Napier
,1629044,Shamorie Ponds
,1627746,Skal Labissiere
,1629742,Stanton Kidd
,1629745,Tariq Owens
,200757,Thabo Sefolosha
,1626203,Treveon Graham
,203584,Troy Daniels
,203092,Tyler Zeller
,2199,Tyson Chandler
,1629724,Vic Law
,1713,Vince Carter
,1629739,William Howard
,201163,Wilson Chandler
,1629668,Zach Norvell Jr.
,1629015,Zhaire Smith
,1626210,Alan Williams
,203518,Alex Abrines
,1627816,Alex Poythress
,101161,Amir Johnson
,201281,Andre Ingram
,101106,Andrew Bogut
,1626150,Andrew Harrison
,1629116,Angel Delgado
,1628469,Antonio Blakeney
,1628656,Billy Garrett
,1629045,Bonzie Colson
,1629102,Brandon Sampson
,203710,C.J. Williams
,101112,Channing Frye
,203474,DJ Stephens
,1629541,Dairis Bertans
,1627772,Daniel Hamilton
,201967,Dante Cunningham
,1629152,DeVaughn Akoon-Purcell
,1627743,Demetrius Jackson
,1629061,Deng Adel
,2734,Devin Harris
,1628421,Devin Robinson
,1627738,Deyonta Davis
,1717,Dirk Nowitzki
,202700,Donatas Motiejunas
,1629055,Donte Grantham
,2548,Dwyane Wade
,202327,Ekpe Udoh
,203961,Eric Moreland
,101123,Gerald Green
,1627824,Guerschon Yabusele
,203546,Ian Clark
,1628387,Ike Anigbogu
,1629353,Isaac Humphries
,1628515,Isaiah Briscoe
,203477,Isaiah Canaan
,1628439,Isaiah Hicks
,1628397,Ivan Rabb
,1627883,Jalen Jones
,1629123,Jared Terrell
,1626185,Jarell Martin
,1628417,Jaron Blossomgame
,201160,Jason Smith
,1628393,Jawun Evans
,202391,Jeremy Lin
,201573,Jerryd Bayless
,202690,Jimmer Fredette
,201975,Jodie Meeks
,204066,John Holland
,203098,John Jenkins
,202720,Jon Leuer
,201973,Jonas Jerebko
,203613,Jonathon Simmons
,1628070,Jordan Loyd
,1626296,Jordan Sibert
,101181,Jose Calderon
,1627395,Julian Washburn
,203564,Kalin Lucas
,202702,Kenneth Faried
,1628424,Kobi Simmons
,201585,Kosta Koufos
,203485,Lorenzo Brown
,2736,Luol Deng
,1627781,Malachi Richardson
,202705,MarShon Brooks
,101162,Marcin Gortat
,1629094,Marcus Derrickson
,201563,Michael Beasley
,203101,Miles Plumlee
,1628462,Milos Teodosic
,1628249,Mitchell Creek
,2403,Nene
,201156,Nick Young
,202703,Nikola Mirotic
,1627855,Okaro White
,201956,Omri Casspi
,2200,Pau Gasol
,203112,Quincy Acy
,202347,Quincy Pondexter
,1626154,RJ Hunter
,1628959,Rawle Alkins
,101109,Raymond Felton
,1627758,Ron Baker
,1626257,Salah Mejri
,203159,Scott Machado
,2733,Shaun Livingston
,202714,Shelvin Mack
,1628769,Tahjere McCall
,203093,Terrence Jones
,1629118,Thomas Welsh
,2225,Tony Parker
,1628979,Trevon Duval
,1628505,Troy Caupain
,1627786,Troy Williams
,1628463,Tyler Cavanaugh
,1629093,Tyler Davis
,1628399,Tyler Lydon
,1627755,Tyler Ulis
,201936,Tyreke Evans
,1629053,Vincent Edwards
,1627735,Wade Baldwin IV
,1627215,Walt Lemon Jr.
,202325,Wesley Johnson
,1628999,Yante Maten
,1629155,Zach Lofton
,2585,Zaza Pachulia
,1627753,Zhou Qi
,201166,Aaron Brooks
,1626151,Aaron Harrison
,1628935,Aaron Jackson
,203940,Adreian Payne
,2744,Al Jefferson
,1628409,Alec Peters
,1628510,Andrew White III
,1626148,Anthony Brown
,201167,Arron Afflalo
,1628500,Ben Moore
,201628,Bobby Brown
,201148,Brandan Wright
,201943,Brandon Jennings
,203464,Brandon Paul
,1627362,Briante Weber
,1627744,Brice Johnson
,1628429,Charles Cooke
,1627778,Chinanu Onuaku
,1626191,Chris McCullough
,202332,Cole Aldrich
,1626177,Dakari Johnson
,2863,Damien Wilkins
,201589,Darrell Arthur
,1626199,Darrun Hilliard
,204065,David Stockton
,2561,David West
,202732,DeAndre Liggins
,202682,Derrick Williams
,202779,Dwight Buycks
,2731,Emeka Okafor
,1628571,Erik McCree
,1627834,Georgios Papagiannis
,1628492,Gian Clavell
,1627819,Isaiah Taylor
,1627785,Isaiah Whitehead
,1628444,Jabari Bird
,204022,Jack Cooley
,1626643,Jacob Pullen
,1628451,Jacob Wiley
,1627866,Jameel Warney
,2749,Jameer Nelson
,1628503,Jamel Artis
,203949,James Michael McAdoo
,1627821,James Webb III
,203923,James Young
,203966,Jamil Wilson
,204067,Jarell Eddie
,101127,Jarrett Jack
,1891,Jason Terry
,203481,Jeff Withey
,202379,Jeremy Evans
,1626202,Joe Young
,1627762,Joel Bolomboy
,203530,Joffrey Lauvergne
,203948,Johnny O'Bryant III
,1626780,Jonathan Gibson
,202348,Jordan Crawford
,1626175,Jordan Mickey
,203962,Josh Huestis
,201177,Josh McRoberts
,2746,Josh Smith
,202933,Julyan Stone
,1627770,Kay Felder
,2570,Kendrick Perkins
,1627858,Kyle Collinsworth
,202713,Kyle Singler
,203580,Larry Drew II
,1628506,London Perrantes
,203512,Lucas Nogueira
,1626242,Luis Montero
,202337,Luke Babbitt
,1627098,Malcolm Delaney
,1628493,Mangok Mathiang
,1938,Manu Ginobili
,1627875,Marcus Georges-Hunt
,1627779,Marcus Paige
,201596,Mario Chalmers
,203900,Markel Brown
,203104,Marquis Teague
,201578,Marreese Speights
,1627850,Marshall Plumlee
,1627856,Matt Costello
,1628475,Matt Williams Jr.
,1628495,Milton Doyle
,1627851,Mindaugas Kuzminskas
,203141,Mirza Teletovic
,1627988,Myke Henry
,203489,Nate Wolters
,2555,Nick Collison
,1627852,Nicolas Brussino
,1628502,Nigel Hayes
,204179,Omari Johnson
,201600,Omer Asik
,1627835,Paul Zipser
,201196,Ramon Sessions
,1626173,Rashad Vaughn
,203687,Reggie Hearn
,2210,Richard Jefferson
,1628681,Rodney Purvis
,203930,Sean Kilpatrick
,203498,Shabazz Muhammad
,203499,Shane Larkin
,204028,Tarik Black
,1627817,Tim Quarterman
,202389,Timofey Mozgov
,2754,Tony Allen
,204037,Travis Wear
,202344,Trevor Booker
,203590,Trey McKinney-Jones
,203898,Tyler Ennis
,203505,Vander Blue
,1626205,Vincent Hunter
,203186,Willie Reed
,204098,Xavier Munford
,1628504,Xavier Rathan-Mayes
,202918,Xavier Silas
,2216,Zach Randolph
,1627773,AJ Hammons
,101187,Alan Anderson
,201582,Alexis Ajinca
,202087,Alonzo Gee
,203094,Andrew Nicholson
,203461,Anthony Bennett
,201627,Anthony Morrow
,203462,Archie Goodwin
,202620,Arinze Onuaku
,1627791,Ben Bentil
,2757,Beno Udrih
,2564,Boris Diaw
,101138,Brandon Bass
,201575,Brandon Rush
,203148,Brian Roberts
,201228,C.J. Watson
,203912,C.J. Wilcox
,2365,Chris Andersen
,2563,Dahntay Jones
,204014,Damjan Rudez
,1627849,Daniel Ochefu
,101135,David Lee
,101114,Deron Williams
,1627754,Diamond Stone
,204002,Edy Tavares
,202407,Elijah Millsap
,202390,Gary Neal
,201945,Gerald Henderson
,202349,Greivis Vasquez
,203138,Hollis Thompson
,2592,James Jones
,203096,Jared Sullinger
,203950,Jarnell Stokes
,201202,Joel Anthony
,101249,John Lucas III
,200770,Jordan Farmar
,201941,Jordan Hill
,203120,Justin Hamilton
,202712,Justin Harper
,203909,KJ McDaniels
,202338,Kevin Seraphin
,2743,Kris Humphries
,1627787,Kyle Wiltjer
,203934,Lamar Patterson
,202336,Larry Sanders
,202730,Lavoy Allen
,2571,Leandro Barbosa
,2449,Luis Scola
,202412,Manny Harris
,1626273,Marcelo Huertas
,201977,Marcus Thornton
,2440,Matt Barnes
,1626254,Maurice Ndour
,1897,Metta World Peace
,1627771,Michael Gbinije
,2399,Mike Dunleavy
,2034,Mike Miller
,1627861,Mike Tobey
,101145,Monta Ellis
,1627879,Nicolas Laprovittola
,202708,Norris Cole
,1627868,Patricio Garino
,1718,Paul Pierce
,203510,Pierre Jackson
,1626176,Rakeem Christmas
,200751,Randy Foye
,202130,Reggie Williams
,201155,Rodney Stuckey
,101179,Ronnie Price
,201579,Roy Hibbert
,203527,Ryan Kelly
,2756,Sasha Vujacic
,203902,Semaj Christon
,200771,Sergio Rodriguez
,1627848,Shawn Long
,1627815,Sheldon Mac
,201150,Spencer Hawes
,1627757,Stephen Zimmerman
,200779,Steve Novak
,203080,Thomas Robinson
,201168,Tiago Splitter
,201962,Toney Douglas
,201951,Ty Lawson
,1627293,Alex Stepheson
,2405,Amar'e Stoudemire
,1889,Andre Miller
,200745,Andrea Bargnani
,202726,Andrew Goudelock
,1626183,Branden Dawson
,203955,Bryce Cotton
,1626214,Bryce Dejean-Jones
,203946,Cameron Bairstow
,201171,Carl Landry
,2406,Caron Butler
,101111,Charlie Villanueva
,201978,Chase Budinger
,2547,Chris Bosh
,203142,Chris Copeland
,203187,Chris Johnson
,2549,Chris Kaman
,101236,Chuck Hayes
,203921,Cleanthony Early
,1626146,Cliff Alexander
,203928,Cory Jefferson
,1626262,Coty Clarke
,203996,Damien Inglis
,201971,DeJuan Blair
,203906,Devyn Marble
,202388,Donald Sloan
,2400,Drew Gooden
,1626251,Duje Dukan
,202343,Elliot Williams
,1882,Elton Brand
,203475,Erick Green
,203105,Festus Ezeli
,202962,Greg Smith
,203156,Henry Sims
,201581,JJ Hickson
,1626266,JJ O'Brien
,202341,James Anderson
,203099,Jared Cunningham
,201574,Jason Thompson
,201965,Jeff Ayres
,203919,Jordan Adams
,202706,Jordan Hamilton
,203268,Jorge Gutierrez
,203951,Keith Appling
,203088,Kendall Marshall
,708,Kevin Garnett
,2755,Kevin Martin
,2550,Kirk Hinrich
,977,Kobe Bryant
,203123,Kostas Papanikolaou
,200811,Lou Amundson
,2588,Matt Bonner
,203956,Mitch McGary
,2590,Mo Williams
,101126,Nate Robinson
,1737,Nazr Mohammed
,201593,Nikola Pekovic
,201564,O.J. Mayo
,203111,Orlando Johnson
,203798,PJ Hairston
,203143,Pablo Prigioni
,203515,Phil Pressey
,2446,Rasual Butler
,203492,Ray McCallum
,203135,Robert Sacre
,203893,Russ Smith
,200797,Ryan Hollins
,201619,Sasha Kaun
,203508,Sergey Karasev
,203963,Shayne Whittington
,201603,Sonny Weems
,2581,Steve Blake
,2419,Tayshaun Prince
,202353,Tibor Pleiss
,1495,Tim Duncan
,203100,Tony Wroten
,201946,Tyler Hansbrough
,201985,AJ Price
,203945,Alex Kirk
,203144,Alexey Shved
,203958,Andre Dawkins
,1905,Andrei Kirilenko
,201948,Austin Daye
,2732,Ben Gordon
,203108,Bernard James
,203561,Brandon Davies
,2217,Brendan Haywood
,2430,Carlos Boozer
,201858,Cartier Martin
,201604,Chris Douglas-Roberts
,101122,Danny Granger
,202721,Darius Morris
,204033,David Wear
,2748,Dorell Wright
,204079,Drew Gordon
,2853,Earl Barron
,201947,Earl Clark
,101128,Francisco Garcia
,203128,Furkan Aldemir
,203539,Gal Mekel
,2222,Gerald Wallace
,203540,Gigi Datome
,201175,Glen Davis
,203318,Glen Rice
,203511,Grant Jerrett
,201880,Greg Stiemsma
,2045,Hedo Turkoglu
,201611,Henry Walker
,203913,Jabari Brown
,203479,Jamaal Franklin
,2457,Jannero Pargo
,101131,Jason Maxiell
,2202,Jason Richardson
,202399,Jeff Adrien
,203106,Jeffery Taylor
,202077,Jerel McNeal
,202366,Jerome Jordan
,203968,Jerrelle Benimon
,200777,Joel Freeland
,201595,Joey Dorsey
,2422,John Salmons
,2030,Kenyon Martin
,202361,Landry Fields
,201991,Lester Hudson
,2557,Luke Ridnour
,202723,Malcolm Lee
,202952,Malcolm Thomas
,101110,Martell Webster
,203545,Miroslav Raduljica
,201979,Nick Calathes
,203910,Nick Johnson
,203136,Ognjen Kuzmic
,203565,Patrick Christopher
,203544,Pero Antic
,203103,Perry Jones III
,203113,Quincy Miller
,2501,Reggie Evans
,203495,Ricky Ledo
,203133,Robbie Hummel
,101142,Ronny Turiaf
,2223,Samuel Dalembert
,2742,Sebastian Telfair
,200769,Shannon Brown
,101183,Shavlik Randolph
,1890,Shawn Marion
,200761,Shawne Williams
,204021,Sim Bhullar
,203315,Toure' Murry
,200748,Tyrus Thomas
,201964,Victor Claver
,101198,Will Bynum
,203805,Will Cherry
,2584,Willie Green
,202333,Xavier Henry
,204054,Zoran Dragic
,201189,Aaron Gray
,203519,Adonis Thomas
,1733,Al Harrington
,101154,Andray Blatche
,101115,Andrew Bynum
,2740,Andris Biedrins
,1712,Antawn Jamison
,201576,Anthony Randolph
,203102,Arnett Moultrie
,201957,Byron Mullens
,203467,Carrick Felix
,203810,Casper Ware
,1497,Chauncey Billups
,203569,Chris Babb
,202698,Chris Singleton
,203147,Chris Smith
,202874,Chris Wright
,201591,DJ White
,202345,Damion James
,202350,Daniel Orton
,203130,Darius Johnson-Odom
,965,Derek Fisher
,202354,Dexter Pittman
,203197,Diante Garrett
,202091,Dionte Christmas
,203117,Doron Lamb
,2248,Earl Watson
,203548,Elias Harris
,201953,Eric Maynor
,203513,Erik Murphy
,201141,Greg Oden
,202970,Gustavo Ayon
,202380,Hamady Ndiaye
,201934,Hasheem Thabeet
,200756,Hilton Armstrong
,2224,Jamaal Tinsley
,203480,James Southerland
,202686,Jan Vesely
,202363,Jarvis Varnado
,2215,Jason Collins
,202719,Jeremy Tyler
,979,Jermaine O'Neal
,2735,Josh Childress
,202725,Josh Harrellson
,2694,Josh Powell
,2586,Keith Bogans
,203146,Maalik Wayns
,2408,Melvin Ely
,200839,Mike Harris
,2229,Mike James
,201203,Mustafa Shakur
,201986,Nando De Colo
,203517,Nemanja Nedovic
,201785,Othyus Jeffers
,203491,Peyton Siva
,1740,Rashard Lewis
,951,Ray Allen
,2427,Roger Mason Jr.
,200758,Ronnie Brewer
,2767,Royal Ivey
,203091,Royce White
,101155,Ryan Gomes
,2203,Shane Battier
,202197,Shane Edwards
,200780,Solomon Jones
,1536,Stephen Jackson
,959,Steve Nash
,203183,Tony Mitchell
,203502,Tony Mitchell
,203129,Tornike Shengelia
,2566,Travis Outlaw
,203116,Tyshawn Taylor
,203139,Viacheslav Kravtsov
,203543,Vitor Faverani
